{"cameraMode":{"drawMode":0,"name":"Shaded","section":"Shading Mode"},"sceneLighting":true,"audioPlay":false,"sceneViewState":{"showFog":true,"showMaterialUpdate":false,"showSkybox":true,"showFlares":true,"showImageEffects":true,"showParticleSystems":true},"in2DMode":false,"pivot":{"x":-0.13792634010314942,"y":-0.17836177349090577,"z":0.14790043234825135},"rotation":{"x":-0.22724850475788117,"y":-0.6559850573539734,"z":0.21724799275398255,"w":-0.6861824989318848},"size":0.791127622127533,"orthographic":false}