{"cameraMode":{"drawMode":0,"name":"Shaded","section":"Shading Mode"},"sceneLighting":true,"audioPlay":false,"sceneViewState":{"showFog":true,"showMaterialUpdate":false,"showSkybox":true,"showFlares":true,"showImageEffects":true,"showParticleSystems":true},"in2DMode":false,"pivot":{"x":627.2848510742188,"y":1223.131103515625,"z":-53.57177734375},"rotation":{"x":0.019808558747172357,"y":-0.008687273599207402,"z":0.00017301153275184333,"w":0.9997705817222595},"size":784.86376953125,"orthographic":false}