{"cameraMode":{"drawMode":0,"name":"Shaded","section":"Shading Mode"},"sceneLighting":true,"audioPlay":false,"sceneViewState":{"showFog":true,"showMaterialUpdate":false,"showSkybox":true,"showFlares":true,"showImageEffects":true,"showParticleSystems":true},"in2DMode":false,"pivot":{"x":-0.3062140941619873,"y":0.1389385461807251,"z":-0.09059405326843262},"rotation":{"x":0.16384774446487428,"y":0.09159596264362335,"z":-0.01528031937777996,"w":0.9821118712425232},"size":2.143301248550415,"orthographic":false}