{"cameraMode":{"drawMode":0,"name":"Shaded","section":"Shading Mode"},"sceneLighting":true,"audioPlay":false,"sceneViewState":{"showFog":true,"showMaterialUpdate":false,"showSkybox":true,"showFlares":true,"showImageEffects":true,"showParticleSystems":true},"in2DMode":false,"pivot":{"x":494.2170715332031,"y":893.255126953125,"z":421.6837158203125},"rotation":{"x":0.12740527093410493,"y":-0.029755715280771257,"z":0.0038247404154390098,"w":0.9914034008979797},"size":989.7337036132813,"orthographic":false}