{"cameraMode":{"drawMode":0,"name":"Shaded","section":"Shading Mode"},"sceneLighting":true,"audioPlay":false,"sceneViewState":{"showFog":true,"showMaterialUpdate":false,"showSkybox":true,"showFlares":true,"showImageEffects":true,"showParticleSystems":true},"in2DMode":false,"pivot":{"x":465.34075927734377,"y":880.1253662109375,"z":657.96337890625},"rotation":{"x":-0.03630097582936287,"y":-0.006898246705532074,"z":0.0002505835727788508,"w":-0.9993172883987427},"size":1452.819580078125,"orthographic":false}