{"cameraMode":{"drawMode":0,"name":"Shaded","section":"Shading Mode"},"sceneLighting":true,"audioPlay":false,"sceneViewState":{"showFog":true,"showMaterialUpdate":false,"showSkybox":true,"showFlares":true,"showImageEffects":true,"showParticleSystems":true},"in2DMode":false,"pivot":{"x":-0.33085107803344729,"y":-0.7015131711959839,"z":5.663039207458496},"rotation":{"x":0.1139216348528862,"y":0.04915277287364006,"z":-0.0056434087455272678,"w":0.9922610521316528},"size":4.716818809509277,"orthographic":false}