{"cameraMode":{"drawMode":0,"name":"Shaded","section":"Shading Mode"},"sceneLighting":false,"audioPlay":false,"sceneViewState":{"showFog":true,"showMaterialUpdate":false,"showSkybox":false,"showFlares":true,"showImageEffects":true,"showParticleSystems":true},"in2DMode":false,"pivot":{"x":-0.10505223274230957,"y":-0.08003997802734375,"z":0.0},"rotation":{"x":0.17784537374973298,"y":0.3595177233219147,"z":-0.07000444084405899,"w":0.9133595824241638},"size":1.5029746294021607,"orthographic":false}