{"cameraMode":{"drawMode":0,"name":"Shaded","section":"Shading Mode"},"sceneLighting":false,"audioPlay":false,"sceneViewState":{"showFog":true,"showMaterialUpdate":false,"showSkybox":false,"showFlares":true,"showImageEffects":true,"showParticleSystems":true},"in2DMode":false,"pivot":{"x":0.0018421411514282227,"y":0.13730818033218385,"z":-0.02150881290435791},"rotation":{"x":0.17784537374973298,"y":0.3595177233219147,"z":-0.07000444084405899,"w":0.9133595824241638},"size":1.3932231664657593,"orthographic":false}