{"cameraMode":{"drawMode":0,"name":"Shaded","section":"Shading Mode"},"sceneLighting":true,"audioPlay":false,"sceneViewState":{"showFog":true,"showMaterialUpdate":false,"showSkybox":true,"showFlares":true,"showImageEffects":true,"showParticleSystems":true},"in2DMode":false,"pivot":{"x":3.988029956817627,"y":-2.631572723388672,"z":4.368871688842773},"rotation":{"x":0.17784537374973298,"y":0.3595177233219147,"z":-0.07000444084405899,"w":0.9133595824241638},"size":3.8168184757232668,"orthographic":false}