{"cameraMode":{"drawMode":0,"name":"Shaded","section":"Shading Mode"},"sceneLighting":true,"audioPlay":false,"sceneViewState":{"showFog":true,"showMaterialUpdate":false,"showSkybox":true,"showFlares":true,"showImageEffects":true,"showParticleSystems":true},"in2DMode":false,"pivot":{"x":645.6163330078125,"y":1274.9627685546875,"z":21.45458984375},"rotation":{"x":-0.03630097582936287,"y":-0.006898246705532074,"z":0.0002505835727788508,"w":-0.9993172883987427},"size":1060.576171875,"orthographic":false}