{"cameraMode":{"drawMode":0,"name":"Shaded","section":"Shading Mode"},"sceneLighting":true,"audioPlay":false,"sceneViewState":{"showFog":true,"showMaterialUpdate":false,"showSkybox":true,"showFlares":true,"showImageEffects":true,"showParticleSystems":true},"in2DMode":false,"pivot":{"x":372.8502502441406,"y":720.8980712890625,"z":123.83154296875},"rotation":{"x":0.019808558747172357,"y":-0.008687273599207402,"z":0.00017301153275184333,"w":0.9997705817222595},"size":1152.59619140625,"orthographic":false}