{"cameraMode":{"drawMode":0,"name":"Shaded","section":"Shading Mode"},"sceneLighting":true,"audioPlay":false,"sceneViewState":{"showFog":true,"showMaterialUpdate":false,"showSkybox":true,"showFlares":true,"showImageEffects":true,"showParticleSystems":true},"in2DMode":false,"pivot":{"x":20.29869842529297,"y":-16.769582748413087,"z":1010.735595703125},"rotation":{"x":-0.018292833119630815,"y":0.04107930511236191,"z":-0.0007517556077800691,"w":-0.9989991188049316},"size":623.219482421875,"orthographic":false}